,case_id,target_true_id,target_true_str,target_new_id,target_new_str
0,23061,Q145,United Kingdom,Q17,Japan
1,23062,Q30,United States of America,Q223050,statelessness
2,23063,Q174193,United Kingdom of Great Britain and Ireland,Q16,Canada
3,23064,Q30,United States of America,Q29,Spain
4,23065,Q142,France,Q13426199,Republic of China
5,23066,Q183,Germany,Q664,New Zealand
6,23067,Q28,Hungary,Q114,Kenya
7,23068,Q183,Germany,Q408,Australia
8,23069,Q142,France,Q408,Australia
9,23070,Q30,United States of America,Q38,Italy
10,23071,Q30,United States of America,Q21,England
11,23072,Q30,United States of America,Q756617,Kingdom of Denmark
12,23073,Q145,United Kingdom,Q1028,Morocco
13,23074,Q183,Germany,Q1028,Morocco
14,23075,Q34,Sweden,Q30,United States of America
15,23076,Q29999,Kingdom of the Netherlands,Q408,Australia
16,23077,Q30,United States of America,Q12536,Abbasid Caliphate 
17,23078,Q30,United States of America,Q17,Japan
18,23079,Q30,United States of America,Q29,Spain
19,23080,Q30,United States of America,Q223050,statelessness
20,23081,Q7318,Nazi Germany,Q408,Australia
21,23082,Q30,United States of America,Q533534,Cisleithania
22,23083,Q145,United Kingdom,Q114,Kenya
23,23084,Q142,France,Q1028,Morocco
24,23085,Q174193,United Kingdom of Great Britain and Ireland,Q30,United States of America
25,23086,Q174193,United Kingdom of Great Britain and Ireland,Q17,Japan
26,23087,Q30,United States of America,Q39,Switzerland
27,23088,Q27306,Kingdom of Prussia,Q30,United States of America
28,23089,Q170072,Dutch Republic,Q17,Japan
29,23090,Q30,United States of America,Q41,Greece
30,23091,Q27306,Kingdom of Prussia,Q17,Japan
31,23092,Q21,England,Q30,United States of America
32,23093,Q4734309,Alokopennesos ,Q17,Japan
33,23094,Q408,Australia,Q38,Italy
34,23095,Q589662,Royal Prussia,Q16,Canada
35,23096,Q40,Austria,Q114,Kenya
36,23097,Q30,United States of America,Q159,Russia
37,23098,Q27306,Kingdom of Prussia,Q664,New Zealand
38,23099,Q15180,Soviet Union,Q223050,statelessness
39,23100,Q223050,statelessness,Q1028,Morocco
40,23101,Q142,France,Q30,United States of America
41,23102,Q174193,United Kingdom of Great Britain and Ireland,Q13426199,Republic of China
42,23103,Q145,United Kingdom,Q1028,Morocco
43,23104,Q39,Switzerland,Q13426199,Republic of China
44,23105,Q1747689,Ancient Rome,Q114,Kenya
45,23106,Q38,Italy,Q408,Australia
46,23107,Q30,United States of America,Q13426199,Republic of China
47,23108,Q145,United Kingdom,Q223050,statelessness
48,23109,Q174193,United Kingdom of Great Britain and Ireland,Q114,Kenya
49,23110,Q27306,Kingdom of Prussia,Q1028,Morocco
50,23111,Q15180,Soviet Union,Q30,United States of America
51,23112,Q30,United States of America,Q114,Kenya
52,23113,Q34,Sweden,Q30,United States of America
53,23114,Q16,Canada,Q12536,Abbasid Caliphate 
54,23115,Q153529,Duchy of Milan,Q664,New Zealand
55,23116,Q30,United States of America,Q114,Kenya
56,23117,Q30,United States of America,Q172579,Kingdom of Italy
57,23118,Q12548,Holy Roman Empire,Q17,Japan
58,23119,Q179876,Kingdom of England,Q13426199,Republic of China
59,23120,Q179876,Kingdom of England,Q17,Japan
60,23121,Q145,United Kingdom,Q16,Canada
61,23122,Q172107,Polish–Lithuanian Commonwealth,Q114,Kenya
62,23123,Q230791,Kingdom of Scotland,Q13426199,Republic of China
63,23124,Q34266,Russian Empire,Q223050,statelessness
64,23125,Q145,United Kingdom,Q30,United States of America
65,23126,Q41304,Weimar Republic,Q17,Japan
66,23127,Q30,United States of America,Q2305208,Russian Socialist Federative Soviet Republic
67,23128,Q142,France,Q13426199,Republic of China
68,23129,Q145,United Kingdom,Q664,New Zealand
69,23130,Q142,France,Q114,Kenya
70,23131,Q30,United States of America,Q408,Australia
71,23132,Q34266,Russian Empire,Q16,Canada
72,23133,Q183,Germany,Q16,Canada
73,23134,Q40,Austria,Q408,Australia
74,23135,Q30,United States of America,Q1028,Morocco
75,23136,Q7318,Nazi Germany,Q664,New Zealand
76,23137,Q30,United States of America,Q17,Japan
77,23138,Q43287,German Empire,Q12536,Abbasid Caliphate 
78,23139,Q34266,Russian Empire,Q223050,statelessness
79,23140,Q142,France,Q408,Australia
80,23141,Q174193,United Kingdom of Great Britain and Ireland,Q1028,Morocco
81,23142,Q142,France,Q114,Kenya
82,23143,Q27306,Kingdom of Prussia,Q114,Kenya
83,23144,Q142,France,Q30,United States of America
84,23145,Q131964,Austrian Empire,Q17,Japan
85,23146,Q408,Australia,Q16,Canada
86,23147,Q174193,United Kingdom of Great Britain and Ireland,Q12536,Abbasid Caliphate 
87,23148,Q174193,United Kingdom of Great Britain and Ireland,Q13426199,Republic of China
88,23149,Q142,France,Q13426199,Republic of China
89,23150,Q34266,Russian Empire,Q1028,Morocco
90,23151,Q172579,Kingdom of Italy,Q223050,statelessness
91,23152,Q142,France,Q408,Australia
92,23153,Q34266,Russian Empire,Q1028,Morocco
93,23154,Q145,United Kingdom,Q12536,Abbasid Caliphate 
94,23155,Q30,United States of America,Q183,Germany
95,23156,Q15180,Soviet Union,Q664,New Zealand
96,23157,Q39,Switzerland,Q12536,Abbasid Caliphate 
97,23158,Q30,United States of America,Q179876,Kingdom of England
98,23159,Q142,France,Q664,New Zealand
99,23160,Q15180,Soviet Union,Q30,United States of America
100,23161,Q4420718,ancient Syracuse,Q223050,statelessness
101,23162,Q664,New Zealand,Q28,Hungary
102,23163,Q183,Germany,Q1028,Morocco
103,23164,Q17,Japan,Q34,Sweden
104,23165,Q20,Norway,Q664,New Zealand
105,23166,Q39,Switzerland,Q223050,statelessness
106,23167,Q39,Switzerland,Q13426199,Republic of China
107,23168,Q183,Germany,Q114,Kenya
108,23169,Q142,France,Q12536,Abbasid Caliphate 
109,23170,Q30,United States of America,Q2305208,Russian Socialist Federative Soviet Republic
110,23171,Q179876,Kingdom of England,Q30,United States of America
111,23172,Q12536,Abbasid Caliphate ,Q36,Poland
112,23173,Q1206012,German Reich,Q223050,statelessness
113,23174,Q756617,Kingdom of Denmark,Q16,Canada
114,23175,Q30,United States of America,Q2305208,Russian Socialist Federative Soviet Republic
115,23176,Q43287,German Empire,Q12536,Abbasid Caliphate 
116,23177,Q30,United States of America,Q589662,Royal Prussia
117,23178,Q145,United Kingdom,Q12536,Abbasid Caliphate 
118,23179,Q30,United States of America,Q408,Australia
119,23180,Q34266,Russian Empire,Q114,Kenya
120,23181,Q41304,Weimar Republic,Q17,Japan
121,23182,Q30,United States of America,Q154195,Kingdom of Bavaria
122,23183,Q142,France,Q1028,Morocco
123,23184,Q15180,Soviet Union,Q114,Kenya
124,23185,Q145,United Kingdom,Q408,Australia
125,23186,Q30,United States of America,Q39,Switzerland
126,23187,Q142,France,Q12536,Abbasid Caliphate 
127,23188,Q30,United States of America,Q34,Sweden
128,23189,Q30,United States of America,Q45670,Kingdom of Portugal
129,23190,Q20135,Grand Duchy of Hesse,Q1028,Morocco
130,23191,Q1028,Morocco,Q221457,Congress Poland
131,23192,Q179876,Kingdom of England,Q223050,statelessness
132,23193,Q174193,United Kingdom of Great Britain and Ireland,Q17,Japan
133,23194,Q34,Sweden,Q664,New Zealand
134,23195,Q36,Poland,Q223050,statelessness
135,23196,Q183,Germany,Q664,New Zealand
136,23197,Q36,Poland,Q13426199,Republic of China
137,23198,Q30,United States of America,Q28,Hungary
138,23199,Q39,Switzerland,Q12536,Abbasid Caliphate 
139,23200,Q145,United Kingdom,Q16,Canada
140,23201,Q145,United Kingdom,Q13426199,Republic of China
141,23202,Q34266,Russian Empire,Q114,Kenya
142,23203,Q34266,Russian Empire,Q30,United States of America
143,23204,Q154195,Kingdom of Bavaria,Q408,Australia
144,23205,Q221457,Congress Poland,Q664,New Zealand
145,23206,Q170072,Dutch Republic,Q408,Australia
146,23207,Q158445,Grand Duchy of Mecklenburg-Schwerin,Q30,United States of America
147,23208,Q844930,Classical Athens,Q408,Australia
148,23209,Q159,Russia,Q12536,Abbasid Caliphate 
149,23210,Q30,United States of America,Q12548,Holy Roman Empire
150,23211,Q183,Germany,Q17,Japan
151,23212,Q145,United Kingdom,Q12536,Abbasid Caliphate 
152,23213,Q151624,German Confederation,Q13426199,Republic of China
153,23214,Q30,United States of America,Q713750,West Germany
154,23215,Q164079,Kingdom of Hanover,Q223050,statelessness
155,23216,Q30,United States of America,Q170072,Dutch Republic
156,23217,Q30,United States of America,Q28,Hungary
157,23218,Q12548,Holy Roman Empire,Q12536,Abbasid Caliphate 
158,23219,Q29999,Kingdom of the Netherlands,Q16,Canada
159,23220,Q30,United States of America,Q408,Australia
160,23221,Q154195,Kingdom of Bavaria,Q30,United States of America
161,23222,Q30,United States of America,Q221457,Congress Poland
162,23223,Q145,United Kingdom,Q30,United States of America
163,23224,Q529605,Electorate of Hesse,Q13426199,Republic of China
164,23225,Q36,Poland,Q12536,Abbasid Caliphate 
165,23226,Q17,Japan,Q161885,Great Britain
166,23227,Q145,United Kingdom,Q17,Japan
167,23228,Q172579,Kingdom of Italy,Q13426199,Republic of China
168,23229,Q174193,United Kingdom of Great Britain and Ireland,Q13426199,Republic of China
169,23230,Q1747689,Ancient Rome,Q223050,statelessness
170,23231,Q43287,German Empire,Q30,United States of America
171,23232,Q179876,Kingdom of England,Q223050,statelessness
172,23233,Q142,France,Q17,Japan
173,23234,Q30,United States of America,Q756617,Kingdom of Denmark
174,23235,Q668,India,Q15180,Soviet Union
175,23236,Q27306,Kingdom of Prussia,Q30,United States of America
176,23237,Q30,United States of America,Q664,New Zealand
177,23238,Q34266,Russian Empire,Q114,Kenya
178,23239,Q40,Austria,Q223050,statelessness
179,23240,Q1747689,Ancient Rome,Q114,Kenya
180,23241,Q29999,Kingdom of the Netherlands,Q12536,Abbasid Caliphate 
181,23242,Q16,Canada,Q114,Kenya
182,23243,Q36,Poland,Q223050,statelessness
183,23244,Q36,Poland,Q114,Kenya
184,23245,Q35,Denmark–Norway,Q114,Kenya
185,23246,Q27306,Kingdom of Prussia,Q408,Australia
186,23247,Q172579,Kingdom of Italy,Q12536,Abbasid Caliphate 
187,23248,Q2252973,Duchy of Florence,Q16,Canada
188,23249,Q174193,United Kingdom of Great Britain and Ireland,Q17,Japan
189,23250,Q31,Belgium,Q114,Kenya
190,23251,Q183,Germany,Q13426199,Republic of China
191,23252,Q183,Germany,Q114,Kenya
192,23253,Q35,Denmark–Norway,Q12536,Abbasid Caliphate 
193,23254,Q27306,Kingdom of Prussia,Q1028,Morocco
194,23255,Q33,Finland,Q16,Canada
195,23256,Q41,Greece,Q223050,statelessness
196,23257,Q183,Germany,Q13426199,Republic of China
197,23258,Q154195,Kingdom of Bavaria,Q223050,statelessness
198,23259,Q38,Italy,Q13426199,Republic of China
199,23260,Q668,India,Q20,Norway
200,23261,Q15180,Soviet Union,Q17,Japan
201,23262,Q30,United States of America,Q713750,West Germany
202,23263,Q2305208,Russian Socialist Federative Soviet Republic,Q1028,Morocco
203,23264,Q30,United States of America,Q39,Switzerland
204,23265,Q142,France,Q17,Japan
205,23266,Q34266,Russian Empire,Q1028,Morocco
206,23267,Q148540,Republic of Florence,Q30,United States of America
207,23268,Q1206012,German Reich,Q13426199,Republic of China
208,23269,Q30,United States of America,Q13426199,Republic of China
209,23270,Q30,United States of America,Q148540,Republic of Florence
210,23271,Q174193,United Kingdom of Great Britain and Ireland,Q12536,Abbasid Caliphate 
211,23272,Q30,United States of America,Q21,England
212,23273,Q145,United Kingdom,Q17,Japan
213,23274,Q16,Canada,Q1028,Morocco
214,23275,Q35,Denmark–Norway,Q408,Australia
215,23276,Q174193,United Kingdom of Great Britain and Ireland,Q664,New Zealand
216,23277,Q142,France,Q17,Japan
217,23278,Q38,Italy,Q664,New Zealand
218,23279,Q34266,Russian Empire,Q30,United States of America
219,23280,Q30,United States of America,Q844930,Classical Athens
220,23281,Q30,United States of America,Q2305208,Russian Socialist Federative Soviet Republic
221,23282,Q171150,Kingdom of Hungary,Q13426199,Republic of China
222,23283,Q174193,United Kingdom of Great Britain and Ireland,Q408,Australia
223,23284,Q40,Austria,Q114,Kenya
224,23285,Q131964,Austrian Empire,Q30,United States of America
225,23286,Q183,Germany,Q114,Kenya
226,23287,Q30,United States of America,Q13426199,Republic of China
227,23288,Q34,Sweden,Q114,Kenya
228,23289,Q30,United States of America,Q15180,Soviet Union
229,23290,Q133356,Ukrainian Soviet Socialist Republic,Q12536,Abbasid Caliphate 
230,23291,Q35,Denmark–Norway,Q13426199,Republic of China
231,23292,Q40,Austria,Q12536,Abbasid Caliphate 
232,23293,Q30,United States of America,Q20135,Grand Duchy of Hesse
233,23294,Q145,United Kingdom,Q13426199,Republic of China
234,23295,Q145,United Kingdom,Q664,New Zealand
235,23296,Q30,United States of America,Q27306,Kingdom of Prussia
236,23297,Q27306,Kingdom of Prussia,Q1028,Morocco
237,23298,Q183,Germany,Q664,New Zealand
238,23299,Q43287,German Empire,Q1028,Morocco
239,23300,Q183,Germany,Q13426199,Republic of China
240,23301,Q30,United States of America,Q12548,Holy Roman Empire
241,23302,Q30,United States of America,Q148540,Republic of Florence
242,23303,Q183,Germany,Q30,United States of America
243,23304,Q183,Germany,Q408,Australia
244,23305,Q174193,United Kingdom of Great Britain and Ireland,Q408,Australia
245,23306,Q174193,United Kingdom of Great Britain and Ireland,Q12536,Abbasid Caliphate 
246,23307,Q30,United States of America,Q20,Norway
247,23308,Q183,Germany,Q13426199,Republic of China
248,23309,Q1233672,County of Barcelona,Q664,New Zealand
249,23310,Q30,United States of America,Q159,Russia
250,23311,Q142,France,Q12536,Abbasid Caliphate 
251,23312,Q30,United States of America,Q161885,Great Britain
252,23313,Q1206012,German Reich,Q408,Australia
253,23314,Q756617,Kingdom of Denmark,Q1028,Morocco
254,23315,Q142,France,Q1028,Morocco
255,23316,Q70972,Kingdom of France,Q13426199,Republic of China
256,23317,Q145,United Kingdom,Q114,Kenya
257,23318,Q36,Poland,Q114,Kenya
258,23319,Q159,Russia,Q664,New Zealand
259,23320,Q174193,United Kingdom of Great Britain and Ireland,Q223050,statelessness
260,23321,Q884,South Korea,Q40,Austria
261,23322,Q29,Spain,Q223050,statelessness
262,23323,Q223050,statelessness,Q1206012,German Reich
263,23324,Q142,France,Q1028,Morocco
264,23325,Q142,France,Q17,Japan
265,23326,Q142,France,Q408,Australia
266,23327,Q142,France,Q223050,statelessness
267,23328,Q142,France,Q13426199,Republic of China
268,23329,Q668,India,Q34,Sweden
269,23330,Q145,United Kingdom,Q13426199,Republic of China
270,23331,Q34266,Russian Empire,Q408,Australia
271,23332,Q34,Sweden,Q114,Kenya
272,23333,Q45670,Kingdom of Portugal,Q223050,statelessness
273,23334,Q159,Russia,Q17,Japan
274,23335,Q114,Kenya,Q844930,Classical Athens
275,23336,Q27,Republic of Ireland,Q408,Australia
276,23337,Q38,Italy,Q408,Australia
277,23338,Q142,France,Q30,United States of America
278,23339,Q27,Republic of Ireland,Q16,Canada
279,23340,Q34266,Russian Empire,Q16,Canada
280,23341,Q62651,Denmark–Norway,Q13426199,Republic of China
281,23342,Q62633,Grand Duchy of Finland,Q12536,Abbasid Caliphate 
